1,323,PLN,оплата заказа
2,881,RUB,оплата заказа
3,258,SEK,оплата заказа
4,755,PKR,оплата заказа
5,112,RUB, оплата заказа
6,945,PLN,оплата заказа
7,463,EUR,оплата заказа
8,704,IRR,оплата заказа
9,802,IDR,оплата заказа
10,460,CNY,оплата заказа
11,75,MXN,оплата заказа
12,703,CNY,оплата заказа
13,577,VND,оплата заказа
14,Приветики,,оплата заказа
15,643,RUB,оплата заказа
16,660,CNY,оплата заказа
17,370,KRW,оплата заказа
18,691,RUB,оплата заказа
19,611,CNY,оплата заказа
20,967,RSD,оплата заказа
21,275,XOF,оплата заказа
22,496,ZAR,оплата заказа
23,825,SEK,оплата заказа
24,881,EUR,оплата заказа
25,567,PLN,оплата заказа
26,150,MXN,оплата заказа
27,599,RUB,оплата заказа
28,318,SYP,оплата заказа
29,149,EUR,оплата заказа
30,739,JPY,оплата заказа
31,860,IDR,оплата заказа
32,814,IDR,оплата заказа
33,836,ARS,оплата заказа
34,125,XCD,оплата заказа
35,354,EUR,оплата заказа
36,402,UZS,оплата заказа
37,736,IDR,оплата заказа
38,840,VND,оплата заказа
39,972,BRL,оплата заказа
40,294,BRL,оплата заказа
41,512,ILS,оплата заказа
42,430,SDG,оплата заказа
43,990,EGP,оплата заказа
44,785,IDR,оплата заказа
45,86,IRR,оплата заказа
46,916,CNY,оплата заказа
47,650,CNY,оплата заказа
48,934,PEN,оплата заказа
49,115,EUR,оплата заказа
50,465,CNY,оплата заказа
